timestamp,sorting method,N,data bits,distribution,pattern,iteration,mean elapsed time (ms),#(array accesses) / iteration,#(comparisons) / iteration
2025-04-12 05:03:29,selection,1024,32,uniform,random,10,0.529,5278720.,5237760.
2025-04-12 05:03:29,selection,2048,32,uniform,random,10,2.029,21043200.,20961280.
2025-04-12 05:03:29,selection,4096,32,uniform,random,10,7.810,84029440.,83865600.
2025-04-12 05:03:29,selection,8192,32,uniform,random,10,30.876,335831040.,335503360.
2025-04-12 05:03:30,selection,16384,32,uniform,random,10,121.437,1342750720.,1342095360.
2025-04-12 05:03:35,selection,32768,32,uniform,random,10,480.701,5369856000.,5368545280.
2025-04-12 05:03:54,selection,65536,32,uniform,random,10,1915.525,21477130240.,21474508800.
2025-04-12 05:05:10,selection,131072,32,uniform,random,10,7633.506,85903933440.,85898690560.
2025-04-12 05:10:16,selection,262144,32,uniform,random,10,30545.466,343606558720.,343596072960.
2025-04-12 05:30:37,selection,524288,32,uniform,random,10,122100.481,1374407884800.,1374386913280.
2025-04-12 06:52:04,selection,1048576,32,uniform,random,10,488686.473,5497594839040.,5497552896000.
2025-04-12 06:52:04,insertion,1024,32,uniform,random,10,1.133,13284660.,2663040.
2025-04-12 06:52:04,insertion,2048,32,uniform,random,10,4.345,52216380.,10455510.
2025-04-12 06:52:04,insertion,4096,32,uniform,random,10,16.981,208042380.,41633010.
2025-04-12 06:52:05,insertion,8192,32,uniform,random,10,68.622,842648370.,168578760.
2025-04-12 06:52:08,insertion,16384,32,uniform,random,10,273.687,3370649450.,674228140.
2025-04-12 06:52:18,insertion,32768,32,uniform,random,10,1085.386,13379389730.,2676074470.
2025-04-12 06:53:02,insertion,65536,32,uniform,random,10,4353.898,53730318180.,10746456750.
2025-04-12 06:55:55,insertion,131072,32,uniform,random,10,17296.821,214610733000.,42922932990.
2025-04-12 07:07:28,insertion,262144,32,uniform,random,10,69345.409,859801808450.,171961934440.
2025-04-12 07:53:45,insertion,524288,32,uniform,random,10,277709.287,3439932773170.,687989700320.
2025-04-12 10:58:49,insertion,1048576,32,uniform,random,10,1110382.394,13746665369790.,2749339365300.
2025-04-12 11:06:30,bubble,1024,32,uniform,random,10,1.602,18402180.,5221800.
2025-04-12 11:06:30,bubble,2048,32,uniform,random,10,6.038,73188860.,20941750.
2025-04-12 11:06:30,bubble,4096,32,uniform,random,10,24.336,292416360.,83820000.
2025-04-12 11:06:31,bubble,8192,32,uniform,random,10,110.934,1176440570.,335474860.
2025-04-12 11:06:36,bubble,16384,32,uniform,random,10,491.505,4706248170.,1342027500.
2025-04-12 11:06:57,bubble,32768,32,uniform,random,10,2057.510,18761974250.,5367366730.
2025-04-12 11:08:22,bubble,65536,32,uniform,random,10,8581.616,75186385440.,21474481050.
2025-04-12 11:14:07,bubble,131072,32,uniform,random,10,34479.729,300563811410.,85898458360.
2025-04-12 11:37:10,bubble,262144,32,uniform,random,10,138240.270,1203081214240.,343595503430.
2025-04-12 13:09:13,bubble,524288,32,uniform,random,10,552362.177,4812805176090.,1374386393250.
2025-04-12 21:17:54,bubble,1048576,32,uniform,random,10,2211913.687,19243073262790.,5497543311800.
2025-04-12 23:30:41,merge,1024,32,uniform,random,10,0.040,598460.,196830.
2025-04-12 23:30:42,merge,2048,32,uniform,random,10,0.091,1197140.,393770.
2025-04-12 23:30:42,merge,4096,32,uniform,random,10,0.215,2724720.,870840.
2025-04-12 23:30:42,merge,8192,32,uniform,random,10,0.502,5773800.,1903860.
2025-04-12 23:30:42,merge,16384,32,uniform,random,10,0.995,12860320.,4136400.
2025-04-12 23:30:42,merge,32768,32,uniform,random,10,2.092,27026560.,8925760.
2025-04-12 23:30:42,merge,65536,32,uniform,random,10,4.318,59301220.,19164850.
2025-04-12 23:30:42,merge,131072,32,uniform,random,10,9.192,123855640.,40956300.
2025-04-12 23:30:42,merge,262144,32,uniform,random,10,19.476,268672020.,87150090.
2025-04-12 23:30:42,merge,524288,32,uniform,random,10,40.420,558305280.,184780800.
2025-04-12 23:30:43,merge,1048576,32,uniform,random,10,85.830,1200496320.,390532960.
2025-04-13 18:28:24,heap,1024,32,uniform,random,10,0.051,511680.,187110.
2025-04-13 18:28:25,heap,1048576,32,uniform,random,10,117.067,1049892380.,401754170.
2025-04-13 18:28:25,heap,262144,32,uniform,random,10,25.592,236202870.,89933520.
2025-04-13 18:28:25,heap,2048,32,uniform,random,10,0.114,1124050.,414450.
2025-04-13 18:28:25,heap,32768,32,uniform,random,10,2.529,24606320.,9274360.
2025-04-13 18:28:25,heap,4096,32,uniform,random,10,0.263,2455920.,911610.
2025-04-13 18:28:26,heap,524288,32,uniform,random,10,54.673,498718290.,190389930.
2025-04-13 18:28:26,heap,65536,32,uniform,random,10,5.306,52514130.,19867400.
2025-04-13 18:28:26,heap,8192,32,uniform,random,10,0.544,5329720.,1990180.
2025-04-13 19:23:35,quick,131072,32,uniform,random,10,8.551,51714930.,34851080.
2025-04-13 19:23:35,quick,16384,32,uniform,random,10,0.953,5418570.,3653250.
2025-04-13 19:23:35,quick,1024,32,uniform,random,10,0.039,233990.,150110.
2025-04-13 19:23:35,quick,1048576,32,uniform,random,10,79.182,486615930.,329247090.
2025-04-13 19:23:36,quick,262144,32,uniform,random,10,18.200,111159980.,75718550.
2025-04-13 19:23:36,quick,2048,32,uniform,random,10,0.094,516270.,335750.
2025-04-13 19:23:36,quick,32768,32,uniform,random,10,1.981,11698680.,7941320.
2025-04-13 19:23:36,quick,4096,32,uniform,random,10,0.209,1173930.,790290.
2025-04-13 19:23:36,quick,524288,32,uniform,random,10,38.844,230694460.,155244180.
2025-04-13 19:23:36,quick,65536,32,uniform,random,10,4.170,24407720.,16392410.
2025-04-13 19:23:36,quick,8192,32,uniform,random,10,0.438,2459520.,1621490.
2025-04-13 19:24:13,merge,131072,32,uniform,random,10,9.755,123852500.,40954730.
2025-04-13 19:24:13,merge,16384,32,uniform,random,10,1.005,12859120.,4135800.
2025-04-13 19:24:13,merge,1024,32,uniform,random,10,0.040,557840.,176520.
2025-04-13 19:24:13,merge,1048576,32,uniform,random,10,90.781,1200485780.,390527690.
2025-04-13 19:24:14,merge,262144,32,uniform,random,10,20.449,268666960.,87147560.
2025-04-13 19:24:14,merge,2048,32,uniform,random,10,0.095,1197660.,394030.
2025-04-13 19:24:14,merge,32768,32,uniform,random,10,2.159,27027720.,8926340.
2025-04-13 19:24:14,merge,4096,32,uniform,random,10,0.215,2722160.,869560.
2025-04-13 19:24:14,merge,524288,32,uniform,random,10,42.978,558310500.,184783410.
2025-04-13 19:24:14,merge,65536,32,uniform,random,10,4.521,59302500.,19165490.
2025-04-13 19:24:14,merge,8192,32,uniform,random,10,0.466,5772400.,1903160.
2025-04-13 20:41:32,merge,1048576,32,bimodal,almost,10,20.120,754749100.,251545430.
2025-04-13 20:41:33,merge,1048576,32,bimodal,bitonic,10,47.338,1118590620.,349580110.
2025-04-13 20:41:33,merge,1048576,32,bimodal,frontsorted,10,56.663,1118980100.,370746370.
2025-04-13 20:41:34,merge,1048576,32,bimodal,gap,10,88.626,1245025520.,412797560.
2025-04-13 20:41:35,merge,1048576,32,bimodal,noise,10,45.072,1140275980.,360422790.
2025-04-13 20:41:36,merge,1048576,32,bimodal,random,10,90.901,1200499660.,390534630.
2025-04-13 20:41:36,merge,1048576,32,bimodal,reversed,10,2.376,83886040.,20971500.
2025-04-13 20:41:36,merge,1048576,32,bimodal,sawtooth,10,30.270,461135960.,146681900.
2025-04-13 20:41:36,merge,1048576,32,exponential,almost,10,19.986,754749200.,251545480.
2025-04-13 20:41:37,merge,1048576,32,exponential,bitonic,10,49.184,1135901380.,358235490.
2025-04-13 20:41:37,merge,1048576,32,exponential,frontsorted,10,56.100,1117013540.,369763090.
2025-04-13 20:41:38,merge,1048576,32,exponential,gap,10,87.789,1245035860.,412802730.
2025-04-13 20:41:39,merge,1048576,32,exponential,noise,10,45.099,1140583320.,360576460.
2025-04-13 20:41:40,merge,1048576,32,exponential,random,10,90.597,1200499600.,390534600.
2025-04-13 20:41:40,merge,1048576,32,exponential,reversed,10,2.392,83886040.,20971500.
2025-04-13 20:41:40,merge,1048576,32,exponential,sawtooth,10,30.067,460982300.,146605070.
2025-04-13 20:41:40,merge,1048576,32,normal,almost,10,19.853,754757540.,251549650.
2025-04-13 20:41:41,merge,1048576,32,normal,bitonic,10,47.157,1121464760.,351017180.
2025-04-13 20:41:41,merge,1048576,32,normal,frontsorted,10,56.189,1117786900.,370149770.
2025-04-13 20:41:42,merge,1048576,32,normal,gap,10,87.664,1245023640.,412796620.
2025-04-13 20:41:43,merge,1048576,32,normal,noise,10,44.991,1140335600.,360452600.
2025-04-13 20:41:44,merge,1048576,32,normal,random,10,90.486,1200518800.,390544200.
2025-04-13 20:41:44,merge,1048576,32,normal,reversed,10,2.362,83886040.,20971500.
2025-04-13 20:41:44,merge,1048576,32,normal,sawtooth,10,30.291,461139280.,146683560.
2025-04-13 20:41:44,merge,1048576,32,uniform,almost,10,19.941,754764900.,251553330.
2025-04-13 20:41:45,merge,1048576,32,uniform,bitonic,10,49.714,1147585800.,364077700.
2025-04-13 20:41:45,merge,1048576,32,uniform,frontsorted,10,56.382,1120939920.,371726280.
2025-04-13 20:41:46,merge,1048576,32,uniform,gap,10,87.723,1245028600.,412799100.
2025-04-13 20:41:47,merge,1048576,32,uniform,noise,10,45.020,1140377120.,360473360.
2025-04-13 20:41:48,merge,1048576,32,uniform,random,10,90.810,1200485780.,390527690.
2025-04-13 20:41:48,merge,1048576,32,uniform,reversed,10,2.373,83886040.,20971500.
2025-04-13 20:41:48,merge,1048576,32,uniform,sawtooth,10,30.127,461151920.,146689880.
2025-04-13 20:41:49,heap,1048576,32,bimodal,almost,10,52.565,1356221540.,504541110.
2025-04-13 20:41:50,heap,1048576,32,bimodal,bitonic,10,86.026,1068687740.,408172070.
2025-04-13 20:41:50,heap,1048576,32,bimodal,frontsorted,10,84.877,1285106850.,476055500.
2025-04-13 20:41:52,heap,1048576,32,bimodal,gap,10,99.281,1049526480.,401700070.
2025-04-13 20:41:52,heap,1048576,32,bimodal,noise,10,59.305,1395611310.,515734600.
2025-04-13 20:41:53,heap,1048576,32,bimodal,random,10,101.495,1049813390.,401726610.
2025-04-13 20:41:54,heap,1048576,32,bimodal,reversed,10,50.931,1011697340.,389274360.
2025-04-13 20:41:55,heap,1048576,32,bimodal,sawtooth,10,83.659,1094899860.,416658580.
2025-04-13 20:41:55,heap,1048576,32,exponential,almost,10,52.613,1356397510.,504612740.
2025-04-13 20:41:56,heap,1048576,32,exponential,bitonic,10,85.279,1068784850.,408202140.
2025-04-13 20:41:57,heap,1048576,32,exponential,frontsorted,10,84.592,1307294410.,484414320.
2025-04-13 20:41:58,heap,1048576,32,exponential,gap,10,98.631,1049537500.,401701400.
2025-04-13 20:41:59,heap,1048576,32,exponential,noise,10,60.009,1395473180.,515688230.
2025-04-13 20:42:00,heap,1048576,32,exponential,random,10,101.379,1049781100.,401716010.
2025-04-13 20:42:00,heap,1048576,32,exponential,reversed,10,50.195,1011684530.,389270080.
2025-04-13 20:42:01,heap,1048576,32,exponential,sawtooth,10,83.103,1095684160.,416890200.
2025-04-13 20:42:02,heap,1048576,32,normal,almost,10,52.571,1354315800.,503912770.
2025-04-13 20:42:02,heap,1048576,32,normal,bitonic,10,84.877,1068792370.,408205430.
2025-04-13 20:42:03,heap,1048576,32,normal,frontsorted,10,84.478,1305070000.,483582180.
2025-04-13 20:42:04,heap,1048576,32,normal,gap,10,99.797,1049530130.,401697000.
2025-04-13 20:42:05,heap,1048576,32,normal,noise,10,59.401,1395543190.,515712740.
2025-04-13 20:42:06,heap,1048576,32,normal,random,10,100.818,1049795880.,401719030.
2025-04-13 20:42:06,heap,1048576,32,normal,reversed,10,50.277,1011685670.,389270690.
2025-04-13 20:42:07,heap,1048576,32,normal,sawtooth,10,83.655,1095605760.,416869390.
2025-04-13 20:42:08,heap,1048576,32,uniform,almost,10,52.463,1355032890.,504153760.
2025-04-13 20:42:09,heap,1048576,32,uniform,bitonic,10,86.099,1068894470.,408237620.
2025-04-13 20:42:10,heap,1048576,32,uniform,frontsorted,10,84.398,1286192690.,476469550.
2025-04-13 20:42:11,heap,1048576,32,uniform,gap,10,99.170,1049589830.,401717580.
2025-04-13 20:42:11,heap,1048576,32,uniform,noise,10,59.412,1395623810.,515743410.
2025-04-13 20:42:12,heap,1048576,32,uniform,random,10,101.117,1049892380.,401754170.
2025-04-13 20:42:13,heap,1048576,32,uniform,reversed,10,50.283,1011689700.,389272290.
2025-04-13 20:42:14,heap,1048576,32,uniform,sawtooth,10,84.036,1094691540.,416574700.
2025-04-13 20:42:43,quick,1048576,32,bimodal,almost,10,2942.519,36274056900.,36263402580.
2025-04-13 20:42:44,quick,1048576,32,bimodal,bitonic,10,64.140,572748240.,416764830.
2025-04-13 20:42:45,quick,1048576,32,bimodal,frontsorted,10,86.826,664254860.,522556790.
2025-04-13 20:42:46,quick,1048576,32,bimodal,gap,10,76.833,488497930.,331123720.
2025-04-13 20:49:54,quick,1048576,32,bimodal,noise,10,42802.219,527896407880.,527841032260.
2025-04-13 20:49:54,quick,1048576,32,bimodal,random,10,78.017,488989030.,332104060.
2025-04-13 20:52:03,quick,1048576,32,bimodal,sawtooth,10,60.953,586443050.,431336210.
2025-04-13 20:52:15,quick,1048576,32,exponential,almost,10,1206.557,14875838620.,14865184450.
2025-04-13 20:52:15,quick,1048576,32,exponential,bitonic,10,64.102,587643420.,434380500.
2025-04-13 20:52:16,quick,1048576,32,exponential,frontsorted,10,88.899,709495240.,568301050.
2025-04-13 20:52:17,quick,1048576,32,exponential,gap,10,77.616,485232160.,327684460.
2025-04-13 20:59:23,quick,1048576,32,exponential,noise,10,42579.975,525193203640.,525137843710.
2025-04-13 20:59:24,quick,1048576,32,exponential,random,10,77.903,489026970.,331776150.
2025-04-13 21:01:32,quick,1048576,32,exponential,sawtooth,10,60.566,567343570.,412291240.
2025-04-13 21:01:50,quick,1048576,32,normal,almost,10,1822.888,22403487030.,22392831810.
2025-04-13 21:01:51,quick,1048576,32,normal,bitonic,10,63.262,573368610.,418118130.
2025-04-13 21:01:52,quick,1048576,32,normal,frontsorted,10,89.528,707045200.,563653390.
2025-04-13 21:01:52,quick,1048576,32,normal,gap,10,75.998,487033350.,330563670.
2025-04-13 21:09:01,quick,1048576,32,normal,noise,10,42817.527,527595761950.,527540390290.
2025-04-13 21:09:01,quick,1048576,32,normal,random,10,77.570,481253540.,324053690.
2025-04-13 21:11:10,quick,1048576,32,normal,sawtooth,10,61.401,583327700.,428626400.
2025-04-13 21:11:23,quick,1048576,32,uniform,almost,10,1325.933,16267136430.,16256488080.
2025-04-13 21:11:24,quick,1048576,32,uniform,bitonic,10,63.399,575416400.,421280690.
2025-04-13 21:11:25,quick,1048576,32,uniform,frontsorted,10,91.145,729925670.,586778360.
2025-04-13 21:11:25,quick,1048576,32,uniform,gap,10,75.974,483787990.,326504470.
2025-04-13 21:18:33,quick,1048576,32,uniform,noise,10,42724.359,526523613910.,526468236490.
2025-04-13 21:18:33,quick,1048576,32,uniform,random,10,78.199,486615930.,329247090.
2025-04-13 21:20:42,quick,1048576,32,uniform,sawtooth,10,61.427,584301510.,431106330.
2025-04-13 23:02:17,quick_mid,1048576,32,bimodal,almost,10,426.371,251865780.,251699070.
2025-04-13 23:02:24,quick_mid,1048576,32,bimodal,bitonic,10,680.038,484372790.,345141050.
2025-04-13 23:02:31,quick_mid,1048576,32,bimodal,frontsorted,10,642.855,446314560.,310869850.
2025-04-13 23:02:38,quick_mid,1048576,32,bimodal,gap,10,647.930,447828130.,306896750.
2025-04-13 23:02:43,quick_mid,1048576,32,bimodal,noise,10,506.476,312231950.,275816600.
2025-04-13 23:02:50,quick_mid,1048576,32,bimodal,random,10,654.595,450051000.,309575460.
2025-04-13 23:02:54,quick_mid,1048576,32,bimodal,reversed,10,433.404,267400330.,251664130.
2025-04-13 23:03:01,quick_mid,1048576,32,bimodal,sawtooth,10,691.137,493025440.,354190170.
2025-04-13 23:03:06,quick_mid,1048576,32,exponential,almost,10,423.886,251875390.,251717970.
2025-04-13 23:03:13,quick_mid,1048576,32,exponential,bitonic,10,683.368,485806810.,346561640.
2025-04-13 23:03:20,quick_mid,1048576,32,exponential,frontsorted,10,660.193,458713310.,321565490.
2025-04-13 23:03:26,quick_mid,1048576,32,exponential,gap,10,648.906,448060990.,307278320.
2025-04-13 23:03:31,quick_mid,1048576,32,exponential,noise,10,504.290,312178810.,275808450.
2025-04-13 23:03:38,quick_mid,1048576,32,exponential,random,10,655.696,451795220.,311562490.
2025-04-13 23:03:43,quick_mid,1048576,32,exponential,reversed,10,432.687,267403990.,251665800.
2025-04-13 23:03:50,quick_mid,1048576,32,exponential,sawtooth,10,675.837,485526770.,345744700.
2025-04-13 23:03:54,quick_mid,1048576,32,normal,almost,10,423.599,251876000.,251724280.
2025-04-13 23:04:01,quick_mid,1048576,32,normal,bitonic,10,698.767,497006620.,359469650.
2025-04-13 23:04:08,quick_mid,1048576,32,normal,frontsorted,10,678.329,469711240.,335464190.
2025-04-13 23:04:15,quick_mid,1048576,32,normal,gap,10,657.999,455213190.,315947700.
2025-04-13 23:04:20,quick_mid,1048576,32,normal,noise,10,504.638,312243920.,275873500.
2025-04-13 23:04:27,quick_mid,1048576,32,normal,random,10,650.076,448014520.,307050800.
2025-04-13 23:04:31,quick_mid,1048576,32,normal,reversed,10,433.443,267399850.,251663760.
2025-04-13 23:04:38,quick_mid,1048576,32,normal,sawtooth,10,675.598,482521080.,344205770.
2025-04-13 23:04:43,quick_mid,1048576,32,uniform,almost,10,432.300,251946950.,251813480.
2025-04-13 23:04:50,quick_mid,1048576,32,uniform,bitonic,10,669.294,477856080.,337697770.
2025-04-13 23:04:57,quick_mid,1048576,32,uniform,frontsorted,10,648.981,441305920.,309286970.
2025-04-13 23:05:03,quick_mid,1048576,32,uniform,gap,10,664.407,449937440.,309707190.
2025-04-13 23:05:09,quick_mid,1048576,32,uniform,noise,10,517.049,312131810.,275775660.
2025-04-13 23:05:15,quick_mid,1048576,32,uniform,random,10,652.028,448619610.,307304170.
2025-04-13 23:05:20,quick_mid,1048576,32,uniform,reversed,10,433.624,267392490.,251660640.
2025-04-13 23:05:27,quick_mid,1048576,32,uniform,sawtooth,10,666.609,478094850.,338893910.
2025-04-14 23:31:10,quick_mid,131072,32,uniform,random,10,8.565,48856710.,34075460.
2025-04-14 23:31:10,quick_mid,16384,32,uniform,random,10,0.955,5118730.,3614580.
2025-04-14 23:31:10,quick_mid,1024,32,uniform,random,10,0.040,245250.,181410.
2025-04-14 23:31:10,quick_mid,1048576,32,uniform,random,10,78.229,448619610.,307304170.
2025-04-14 23:31:11,quick_mid,262144,32,uniform,random,10,18.112,102280770.,70847370.
2025-04-14 23:31:11,quick_mid,2048,32,uniform,random,10,0.094,509370.,362690.
2025-04-14 23:31:11,quick_mid,32768,32,uniform,random,10,1.994,11057650.,7831620.
2025-04-14 23:31:11,quick_mid,4096,32,uniform,random,10,0.218,1127100.,810700.
2025-04-14 23:31:11,quick_mid,524288,32,uniform,random,10,37.435,214693770.,147785040.
2025-04-14 23:31:11,quick_mid,65536,32,uniform,random,10,4.113,22936950.,15985040.
2025-04-14 23:31:11,quick_mid,8192,32,uniform,random,10,0.448,2399710.,1707540.
2025-04-15 00:53:05,library,131072,32,uniform,random,10,24.844,112274120.,26276650.
2025-04-15 00:53:05,library,16384,32,uniform,random,10,2.338,12092050.,2799940.
2025-04-15 00:53:05,library,1024,32,uniform,random,10,0.098,588120.,132850.
2025-04-15 00:53:09,library,1048576,32,uniform,random,10,305.166,1023805760.,241582820.
2025-04-15 00:53:09,library,262144,32,uniform,random,10,54.431,235013930.,55168900.
2025-04-15 00:53:09,library,2048,32,uniform,random,10,0.216,1267000.,289080.
2025-04-15 00:53:09,library,32768,32,uniform,random,10,4.993,25451680.,5915570.
2025-04-15 00:53:09,library,4096,32,uniform,random,10,0.467,2697550.,619050.
2025-04-15 00:53:10,library,524288,32,uniform,random,10,127.464,490951750.,115561300.
2025-04-15 00:53:11,library,65536,32,uniform,random,10,11.112,53532610.,12487220.
2025-04-15 00:53:11,library,8192,32,uniform,random,10,1.016,5711090.,1316120.
2025-04-15 01:17:35,library,1048576,32,bimodal,almost,10,144985.545,1639317292280.,1625965394680.
2025-04-15 01:17:38,library,1048576,32,bimodal,bitonic,10,224.212,1165492890.,319871850.
2025-04-15 01:24:24,library,1048576,32,bimodal,frontsorted,10,40607.944,454711067490.,453403755210.
2025-04-15 01:24:27,library,1048576,32,bimodal,gap,10,312.311,1023653700.,241512990.
2025-04-15 01:51:34,library,1048576,32,bimodal,noise,10,162704.315,1827751020180.,1825968900540.
2025-04-15 01:51:37,library,1048576,32,bimodal,random,10,305.303,1023759760.,241556140.
2025-04-15 05:21:15,library,1048576,32,bimodal,almost,10,84424.232,1510054165260.,1496664853930.
2025-04-15 05:21:18,library,1048576,32,bimodal,bitonic,10,266.847,1428574020.,310574950.
2025-04-15 05:25:36,library,1048576,32,bimodal,frontsorted,10,25787.275,452800917940.,451139548800.
2025-04-15 05:25:39,library,1048576,32,bimodal,gap,10,327.977,1232311240.,241225670.
2025-04-15 05:42:42,library,1048576,32,bimodal,noise,10,102328.997,1824851120320.,1822589992450.
2025-04-15 05:42:46,library,1048576,32,bimodal,random,10,334.555,1232425500.,241271680.
2025-04-15 06:12:44,introsort,1048576,32,bimodal,almost,10,14.208,190291200.,179625740.
2025-04-15 06:12:45,introsort,1048576,32,bimodal,bitonic,10,57.597,525327060.,290269910.
2025-04-15 06:12:46,introsort,1048576,32,bimodal,frontsorted,10,69.815,483598670.,255453530.
2025-04-15 06:12:46,introsort,1048576,32,bimodal,gap,10,76.752,488428080.,252018870.
2025-04-15 06:12:47,introsort,1048576,32,bimodal,noise,10,41.086,358812570.,221661800.
2025-04-15 06:12:48,introsort,1048576,32,bimodal,random,10,76.932,490672600.,254689450.
2025-04-15 06:12:48,introsort,1048576,32,bimodal,reversed,10,14.130,205800500.,179574540.
2025-04-15 06:12:48,introsort,1048576,32,bimodal,sawtooth,10,54.519,533744710.,299300270.
2025-04-15 06:12:49,introsort,1048576,32,exponential,almost,10,14.089,190324470.,179651690.
2025-04-15 06:12:49,introsort,1048576,32,exponential,bitonic,10,57.879,526504580.,291711260.
2025-04-15 06:12:50,introsort,1048576,32,exponential,frontsorted,10,70.689,496529230.,266202480.
2025-04-15 06:12:51,introsort,1048576,32,exponential,gap,10,75.619,488896320.,252407940.
2025-04-15 06:12:51,introsort,1048576,32,exponential,noise,10,41.113,359027950.,221641690.
2025-04-15 06:12:52,introsort,1048576,32,exponential,random,10,76.388,492582920.,256766600.
2025-04-15 06:12:52,introsort,1048576,32,exponential,reversed,10,13.963,205806930.,179578090.
2025-04-15 06:12:53,introsort,1048576,32,exponential,sawtooth,10,54.528,526266240.,290853230.
2025-04-15 06:12:53,introsort,1048576,32,normal,almost,10,14.118,190309780.,179642250.
2025-04-15 06:12:54,introsort,1048576,32,normal,bitonic,10,58.272,537479900.,304580050.
2025-04-15 06:12:54,introsort,1048576,32,normal,frontsorted,10,70.384,507119700.,280047500.
2025-04-15 06:12:55,introsort,1048576,32,normal,gap,10,74.418,495863920.,261066480.
2025-04-15 06:12:55,introsort,1048576,32,normal,noise,10,41.251,358559290.,221676110.
2025-04-15 06:12:56,introsort,1048576,32,normal,random,10,76.324,488795620.,252194390.
2025-04-15 06:12:56,introsort,1048576,32,normal,reversed,10,13.973,205800710.,179575350.
2025-04-15 06:12:57,introsort,1048576,32,normal,sawtooth,10,54.514,523358220.,289368510.
2025-04-15 06:12:57,introsort,1048576,32,uniform,almost,10,14.156,190436680.,179777020.
2025-04-15 06:12:58,introsort,1048576,32,uniform,bitonic,10,56.636,518627440.,282887350.
2025-04-15 06:12:58,introsort,1048576,32,uniform,frontsorted,10,69.382,478863170.,253846930.
2025-04-15 06:12:59,introsort,1048576,32,uniform,gap,10,73.740,490642320.,254860990.
2025-04-15 06:13:00,introsort,1048576,32,uniform,noise,10,41.130,358827790.,221610840.
2025-04-15 06:13:01,introsort,1048576,32,uniform,random,10,78.511,489265980.,252399140.
2025-04-15 06:13:01,introsort,1048576,32,uniform,reversed,10,13.952,205790350.,179571150.
2025-04-15 06:13:01,introsort,1048576,32,uniform,sawtooth,10,54.509,519006890.,284041600.
2025-04-15 06:13:01,tim,1048576,32,bimodal,almost,10,11.671,351286660.,120586950.
2025-04-15 06:13:02,tim,1048576,32,bimodal,bitonic,10,27.520,266930430.,89821810.
2025-04-15 06:13:02,tim,1048576,32,bimodal,frontsorted,10,48.011,384949120.,118596440.
2025-04-15 06:13:03,tim,1048576,32,bimodal,gap,10,89.868,718123270.,216207040.
2025-04-15 06:13:04,tim,1048576,32,bimodal,noise,10,34.678,443001770.,131489890.
2025-04-15 06:13:04,tim,1048576,32,bimodal,random,10,90.191,717336250.,216196310.
2025-04-15 06:13:05,tim,1048576,32,bimodal,reversed,10,7.060,244616230.,50909180.
2025-04-15 06:13:05,tim,1048576,32,bimodal,sawtooth,10,23.605,209464080.,73271370.
2025-04-15 06:13:05,tim,1048576,32,exponential,almost,10,11.247,356657290.,122376690.
2025-04-15 06:13:05,tim,1048576,32,exponential,bitonic,10,28.126,257819220.,86772120.
2025-04-15 06:13:06,tim,1048576,32,exponential,frontsorted,10,48.450,384771880.,118566240.
2025-04-15 06:13:07,tim,1048576,32,exponential,gap,10,89.838,718274320.,216237960.
2025-04-15 06:13:07,tim,1048576,32,exponential,noise,10,34.674,442886060.,131464600.
2025-04-15 06:13:08,tim,1048576,32,exponential,random,10,90.126,717336420.,216205560.
2025-04-15 06:13:08,tim,1048576,32,exponential,reversed,10,7.111,249729450.,51511090.
2025-04-15 06:13:08,tim,1048576,32,exponential,sawtooth,10,23.475,209449030.,73259400.
2025-04-15 06:13:09,tim,1048576,32,normal,almost,10,11.351,357696030.,122723290.
2025-04-15 06:13:09,tim,1048576,32,normal,bitonic,10,27.756,260037050.,87515060.
2025-04-15 06:13:09,tim,1048576,32,normal,frontsorted,10,48.205,384887100.,118591620.
2025-04-15 06:13:10,tim,1048576,32,normal,gap,10,89.883,718242120.,216237630.
2025-04-15 06:13:11,tim,1048576,32,normal,noise,10,34.685,442910920.,131475020.
2025-04-15 06:13:12,tim,1048576,32,normal,random,10,90.208,717134820.,216168170.
2025-04-15 06:13:12,tim,1048576,32,normal,reversed,10,7.113,244455660.,50986620.
2025-04-15 06:13:12,tim,1048576,32,normal,sawtooth,10,23.601,209465780.,73272050.
2025-04-15 06:13:12,tim,1048576,32,uniform,almost,10,11.156,352535420.,121002690.
2025-04-15 06:13:12,tim,1048576,32,uniform,bitonic,10,27.351,270076080.,90837790.
2025-04-15 06:13:13,tim,1048576,32,uniform,frontsorted,10,48.015,384728900.,118557400.
2025-04-15 06:13:14,tim,1048576,32,uniform,gap,10,89.978,718199590.,216227410.
2025-04-15 06:13:14,tim,1048576,32,uniform,noise,10,34.559,443026320.,131494010.
2025-04-15 06:13:15,tim,1048576,32,uniform,random,10,90.115,716966160.,216133820.
2025-04-15 06:13:15,tim,1048576,32,uniform,reversed,10,6.171,213200440.,44114750.
2025-04-15 06:13:15,tim,1048576,32,uniform,sawtooth,10,23.592,209463380.,73265410.
2025-04-15 06:13:16,tournament,1048576,32,bimodal,almost,10,64.051,627099670.,156263450.
2025-04-15 06:13:17,tournament,1048576,32,bimodal,bitonic,10,105.798,597683030.,141555130.
2025-04-15 06:13:18,tournament,1048576,32,bimodal,frontsorted,10,116.517,621120590.,153273910.
2025-04-15 06:13:20,tournament,1048576,32,bimodal,gap,10,192.620,710259230.,197843230.
2025-04-15 06:13:21,tournament,1048576,32,bimodal,noise,10,70.672,554373890.,119900560.
2025-04-15 06:13:23,tournament,1048576,32,bimodal,random,10,198.326,707470610.,196448920.
2025-04-15 06:13:24,tournament,1048576,32,bimodal,reversed,10,71.969,524291210.,104859220.
2025-04-15 06:13:25,tournament,1048576,32,bimodal,sawtooth,10,93.310,586943370.,136185300.
2025-04-15 06:13:25,tournament,1048576,32,exponential,almost,10,62.553,626913070.,156170150.
2025-04-15 06:13:27,tournament,1048576,32,exponential,bitonic,10,106.823,597682970.,141555100.
2025-04-15 06:13:28,tournament,1048576,32,exponential,frontsorted,10,115.226,621132250.,153279740.
2025-04-15 06:13:30,tournament,1048576,32,exponential,gap,10,192.140,710246270.,197836750.
2025-04-15 06:13:30,tournament,1048576,32,exponential,noise,10,69.713,554372250.,119899740.
2025-04-15 06:13:32,tournament,1048576,32,exponential,random,10,199.191,707496550.,196461890.
2025-04-15 06:13:33,tournament,1048576,32,exponential,reversed,10,71.191,524291990.,104859610.
2025-04-15 06:13:34,tournament,1048576,32,exponential,sawtooth,10,92.134,586919430.,136173330.
2025-04-15 06:13:35,tournament,1048576,32,normal,almost,10,62.803,628331310.,156879270.
2025-04-15 06:13:36,tournament,1048576,32,normal,bitonic,10,105.610,597683370.,141555300.
2025-04-15 06:13:37,tournament,1048576,32,normal,frontsorted,10,118.121,621125070.,153276150.
2025-04-15 06:13:39,tournament,1048576,32,normal,gap,10,195.172,710261570.,197844400.
2025-04-15 06:13:40,tournament,1048576,32,normal,noise,10,70.567,554380450.,119903840.
2025-04-15 06:13:42,tournament,1048576,32,normal,random,10,198.213,707492450.,196459840.
2025-04-15 06:13:43,tournament,1048576,32,normal,reversed,10,71.794,524290870.,104859050.
2025-04-15 06:13:44,tournament,1048576,32,normal,sawtooth,10,94.330,586944730.,136185980.
2025-04-15 06:13:44,tournament,1048576,32,uniform,almost,10,63.678,627712710.,156569970.
2025-04-15 06:13:45,tournament,1048576,32,uniform,bitonic,10,106.376,597683250.,141555240.
2025-04-15 06:13:47,tournament,1048576,32,uniform,frontsorted,10,117.611,621128890.,153278060.
2025-04-15 06:13:48,tournament,1048576,32,uniform,gap,10,194.977,710267790.,197847510.
2025-04-15 06:13:49,tournament,1048576,32,uniform,noise,10,70.665,554371770.,119899500.
2025-04-15 06:13:51,tournament,1048576,32,uniform,random,10,199.586,707484770.,196456000.
2025-04-15 06:13:52,tournament,1048576,32,uniform,reversed,10,69.975,524289190.,104858210.
2025-04-15 06:13:53,tournament,1048576,32,uniform,sawtooth,10,95.053,586931450.,136179340.
2025-04-15 06:16:15,introsort,131072,32,uniform,random,10,8.507,53925880.,27217430.
2025-04-15 06:16:15,introsort,16384,32,uniform,random,10,0.935,5750760.,2751330.
2025-04-15 06:16:15,introsort,1024,32,uniform,random,10,0.037,283390.,127010.
2025-04-15 06:16:16,introsort,1048576,32,uniform,random,10,78.493,489265980.,252399140.
2025-04-15 06:16:16,introsort,262144,32,uniform,random,10,17.860,112480480.,57134180.
2025-04-15 06:16:16,introsort,2048,32,uniform,random,10,0.090,596120.,256640.
2025-04-15 06:16:16,introsort,32768,32,uniform,random,10,1.941,12318360.,6112650.
2025-04-15 06:16:16,introsort,4096,32,uniform,random,10,0.197,1281510.,595520.
2025-04-15 06:16:16,introsort,524288,32,uniform,random,10,36.958,235024070.,120336230.
2025-04-15 06:16:16,introsort,65536,32,uniform,random,10,4.032,25461580.,12565460.
2025-04-15 06:16:16,introsort,8192,32,uniform,random,10,0.443,2715740.,1275610.
2025-04-15 06:16:17,tim,131072,32,uniform,random,10,9.812,77838330.,23086810.
2025-04-15 06:16:17,tim,16384,32,uniform,random,10,1.052,8248900.,2393190.
2025-04-15 06:16:17,tim,1024,32,uniform,random,10,0.043,390700.,108130.
2025-04-15 06:16:17,tim,1048576,32,uniform,random,10,90.600,716966160.,216133820.
2025-04-15 06:16:18,tim,262144,32,uniform,random,10,20.467,163461640.,48779530.
2025-04-15 06:16:18,tim,2048,32,uniform,random,10,0.109,850040.,238080.
2025-04-15 06:16:18,tim,32768,32,uniform,random,10,2.229,17479860.,5114080.
2025-04-15 06:16:18,tim,4096,32,uniform,random,10,0.230,1819650.,516750.
2025-04-15 06:16:18,tim,524288,32,uniform,random,10,42.825,342723040.,102819310.
2025-04-15 06:16:18,tim,65536,32,uniform,random,10,4.624,36954940.,10888460.
2025-04-15 06:16:18,tim,8192,32,uniform,random,10,0.494,3882170.,1114880.
2025-04-15 06:16:18,tournament,131072,32,uniform,random,10,13.775,76635490.,20623040.
2025-04-15 06:16:18,tournament,16384,32,uniform,random,10,1.316,8103970.,2085920.
2025-04-15 06:16:18,tournament,1024,32,uniform,random,10,0.066,383430.,89330.
2025-04-15 06:16:20,tournament,1048576,32,uniform,random,10,197.536,707484770.,196456000.
2025-04-15 06:16:21,tournament,262144,32,uniform,random,10,29.684,161138970.,43869340.
2025-04-15 06:16:21,tournament,2048,32,uniform,random,10,0.125,827990.,198970.
2025-04-15 06:16:21,tournament,32768,32,uniform,random,10,2.944,17191850.,4499940.
2025-04-15 06:16:21,tournament,4096,32,uniform,random,10,0.271,1779650.,439280.
2025-04-15 06:16:22,tournament,524288,32,uniform,random,10,76.990,338014090.,92985300.
2025-04-15 06:16:22,tournament,65536,32,uniform,random,10,6.343,36350590.,9655630.
2025-04-15 06:16:22,tournament,8192,32,uniform,random,10,0.609,3805470.,960670.
2025-04-15 06:20:16,comb,131072,32,uniform,random,10,12.066,142378920.,54614100.
2025-04-15 06:20:16,comb,16384,32,uniform,random,10,1.272,15012950.,5844070.
2025-04-15 06:20:16,comb,1024,32,uniform,random,10,0.050,580790.,222310.
2025-04-15 06:20:17,comb,1048576,32,uniform,random,10,115.702,1359778470.,520793580.
2025-04-15 06:20:18,comb,262144,32,uniform,random,10,26.281,321509690.,124955680.
2025-04-15 06:20:18,comb,2048,32,uniform,random,10,0.132,1358770.,526010.
2025-04-15 06:20:18,comb,32768,32,uniform,random,10,2.688,31952110.,12343190.
2025-04-15 06:20:18,comb,4096,32,uniform,random,10,0.260,2950050.,1133700.
2025-04-15 06:20:18,comb,524288,32,uniform,random,10,56.483,683130630.,265639800.
2025-04-15 06:20:18,comb,65536,32,uniform,random,10,5.873,71899680.,27962280.
2025-04-15 06:20:18,comb,8192,32,uniform,random,10,0.566,6539840.,2512780.
2025-04-15 06:23:51,cocktail,131072,32,uniform,random,10,21288.106,258382872960.,64757442540.
2025-04-15 06:23:54,cocktail,16384,32,uniform,random,10,315.947,4031514170.,1009657150.
2025-04-15 06:23:54,cocktail,1024,32,uniform,random,10,1.010,15990990.,4012800.
2025-04-15 10:09:56,cocktail,1048576,32,uniform,random,10,1356148.195,16486756945620.,4122219479070.
2025-04-15 10:24:08,cocktail,262144,32,uniform,random,10,85161.522,1032484389240.,258252884160.
2025-04-15 10:24:08,cocktail,2048,32,uniform,random,10,3.850,62516230.,15584300.
2025-04-15 10:24:21,cocktail,32768,32,uniform,random,10,1333.257,16177633250.,4044005470.
2025-04-15 10:24:21,cocktail,4096,32,uniform,random,10,16.080,252752790.,63504270.
2025-04-15 11:21:13,cocktail,524288,32,uniform,random,10,341174.269,4121760065540.,1029981648670.
2025-04-15 11:22:06,cocktail,65536,32,uniform,random,10,5341.880,64193973440.,16067062630.
2025-04-15 11:22:07,cocktail,8192,32,uniform,random,10,73.645,1002378760.,250837040.
2025-04-15 11:32:13,merge,1048576,32,fewunique,random,10,43.194,1172562400.,376566000.
2025-04-15 11:32:13,merge,1048576,32,constant,random,10,2.261,83886040.,20971500.
2025-04-15 11:32:14,heap,1048576,32,fewunique,random,10,42.016,834975980.,320412370.
2025-04-15 11:32:14,heap,1048576,32,constant,random,10,2.691,73400250.,20971500.
2025-04-15 11:32:14,quick,1048576,32,fewunique,random,10,25.735,534413110.,233582350.
2025-04-15 11:32:14,quick,1048576,32,constant,random,10,18.085,555745250.,230686700.
2025-04-15 11:32:15,quick_mid,1048576,32,fewunique,random,10,26.056,554006340.,252874330.
2025-04-15 11:32:15,quick_mid,1048576,32,constant,random,10,18.413,576716750.,251658200.
2025-04-15 11:38:23,library,1048576,32,fewunique,random,10,36800.532,408837707270.,407481469520.
2025-04-15 12:05:42,library,1048576,32,constant,random,10,163887.657,1827127195760.,1825295694940.
2025-04-15 12:05:42,introsort,1048576,32,fewunique,random,10,44.618,721621890.,239678490.
2025-04-15 12:05:43,introsort,1048576,32,constant,random,10,44.418,815923150.,249036760.
2025-04-15 12:05:43,tim,1048576,32,fewunique,random,10,45.735,707250570.,207449900.
2025-04-15 12:05:43,tim,1048576,32,constant,random,10,0.777,20971520.,10485760.
2025-04-15 12:05:44,tournament,1048576,32,fewunique,random,10,78.458,675317510.,180372370.
2025-04-15 12:05:45,tournament,1048576,32,constant,random,10,60.204,524287970.,104857600.
2025-04-15 12:05:45,comb,1048576,32,fewunique,random,10,59.705,984341390.,478850680.
2025-04-15 12:05:46,comb,1048576,32,constant,random,10,54.371,957701360.,478850680.
2025-04-15 11:37:01,comb,1048576,32,bimodal,almost,10,87.903,1229255750.,531279280.
2025-04-15 11:37:02,comb,1048576,32,bimodal,bitonic,10,82.572,1341306810.,520793580.
2025-04-15 11:37:03,comb,1048576,32,bimodal,frontsorted,10,113.763,1373600210.,531279280.
2025-04-15 11:37:04,comb,1048576,32,bimodal,gap,10,113.335,1373956970.,531279280.
2025-04-15 11:37:05,comb,1048576,32,bimodal,noise,10,68.401,1086941720.,510307870.
2025-04-15 11:37:06,comb,1048576,32,bimodal,random,10,116.346,1380801200.,531279280.
2025-04-15 11:37:07,comb,1048576,32,bimodal,reversed,10,57.652,1069652850.,489336420.
2025-04-15 11:37:07,comb,1048576,32,bimodal,sawtooth,10,82.246,1340179920.,520793580.
2025-04-15 11:37:08,comb,1048576,32,constant,random,10,53.284,957701360.,478850680.
2025-04-15 11:37:09,comb,1048576,32,exponential,almost,10,87.517,1208343420.,520793580.
2025-04-15 11:37:10,comb,1048576,32,exponential,bitonic,10,82.111,1341446160.,520793580.
2025-04-15 11:37:11,comb,1048576,32,exponential,frontsorted,10,112.754,1353052620.,520793580.
2025-04-15 11:37:12,comb,1048576,32,exponential,gap,10,112.594,1352957970.,520793580.
2025-04-15 11:37:13,comb,1048576,32,exponential,noise,10,68.483,1086956660.,510307870.
2025-04-15 11:37:14,comb,1048576,32,exponential,random,10,116.072,1380501290.,531279280.
2025-04-15 11:37:15,comb,1048576,32,exponential,reversed,10,57.519,1069652160.,489336420.
2025-04-15 11:37:15,comb,1048576,32,exponential,sawtooth,10,82.190,1339585560.,520793580.
2025-04-15 11:37:16,comb,1048576,32,fewunique,random,10,58.164,984341390.,478850680.
2025-04-15 11:37:17,comb,1048576,32,normal,almost,10,88.089,1229949680.,531279280.
2025-04-15 11:37:18,comb,1048576,32,normal,bitonic,10,82.852,1362712910.,531279280.
2025-04-15 11:37:19,comb,1048576,32,normal,frontsorted,10,113.669,1373834570.,531279280.
2025-04-15 11:37:20,comb,1048576,32,normal,gap,10,113.489,1373865890.,531279280.
2025-04-15 11:37:21,comb,1048576,32,normal,noise,10,68.475,1086962660.,510307870.
2025-04-15 11:37:22,comb,1048576,32,normal,random,10,115.176,1359929160.,520793580.
2025-04-15 11:37:23,comb,1048576,32,normal,reversed,10,57.610,1069653060.,489336420.
2025-04-15 11:37:23,comb,1048576,32,normal,sawtooth,10,82.690,1359759500.,531279280.
2025-04-15 11:37:24,comb,1048576,32,uniform,almost,10,88.199,1229869160.,531279280.
2025-04-15 11:37:25,comb,1048576,32,uniform,bitonic,10,81.985,1341264720.,520793580.
2025-04-15 11:37:26,comb,1048576,32,uniform,frontsorted,10,112.891,1352940000.,520793580.
2025-04-15 11:37:28,comb,1048576,32,uniform,gap,10,114.039,1394978390.,541764970.
2025-04-15 11:37:28,comb,1048576,32,uniform,noise,10,69.195,1107916950.,520793580.
2025-04-15 11:37:29,comb,1048576,32,uniform,random,10,115.345,1359778470.,520793580.
2025-04-15 11:37:30,comb,1048576,32,uniform,reversed,10,57.365,1069654050.,489336420.
2025-04-15 11:37:31,comb,1048576,32,uniform,sawtooth,10,82.148,1340113170.,520793580.
2025-04-15 12:06:17,merge,16,32,uniform,random,10000,0.000095,2980000.,850000.
2025-04-15 12:06:17,merge,32,32,uniform,random,10000,0.000184,7200000.,2320000.
2025-04-15 12:06:17,merge,8,32,uniform,random,10000,0.000060,840000.,260000.
2025-04-15 12:06:17,heap,16,32,uniform,random,10000,0.000115,3260000.,1070000.
2025-04-15 12:06:17,heap,32,32,uniform,random,10000,0.000259,7900000.,2650000.
2025-04-15 12:06:18,heap,8,32,uniform,random,10000,0.000059,1220000.,390000.
2025-04-15 12:06:18,bubble,16,32,uniform,random,10000,0.000283,3730000.,1190000.
2025-04-15 12:06:18,bubble,32,32,uniform,random,10000,0.001398,17990000.,4750000.
2025-04-15 12:06:18,bubble,8,32,uniform,random,10000,0.000094,990000.,270000.
2025-04-15 12:06:18,insertion,16,32,uniform,random,10000,0.000218,2490000.,570000.
2025-04-15 12:06:18,insertion,32,32,uniform,random,10000,1.000234,14690000.,3100000.
2025-04-15 12:06:18,insertion,8,32,uniform,random,10000,0.000082,850000.,200000.
2025-04-15 12:06:18,selection,16,32,uniform,random,10000,0.000143,1840000.,1200000.
2025-04-15 12:06:18,selection,32,32,uniform,random,10000,0.000516,6240000.,4960000.
2025-04-15 12:06:18,selection,8,32,uniform,random,10000,0.000051,600000.,280000.
2025-04-15 12:06:18,quick,16,32,uniform,random,10000,0.000152,1580000.,1040000.
2025-04-15 12:06:18,quick,32,32,uniform,random,10000,0.000266,3740000.,2380000.
2025-04-15 12:06:18,quick,8,32,uniform,random,10000,0.000072,680000.,400000.
2025-04-15 12:06:18,library,16,32,uniform,random,10000,0.000654,5570000.,470000.
2025-04-15 12:06:18,library,32,32,uniform,random,10000,1.000542,12970000.,1210000.
2025-04-15 12:06:18,library,8,32,uniform,random,10000,0.000310,2200000.,160000.
2025-04-15 12:06:18,tim,16,32,uniform,random,10000,0.000277,2570000.,610000.
2025-04-15 12:06:18,tim,32,32,uniform,random,10000,0.000641,7140000.,1750000.
2025-04-15 12:06:18,tim,8,32,uniform,random,10000,0.000114,930000.,240000.
2025-04-15 12:06:18,cocktail,16,32,uniform,random,10000,0.000186,2910000.,780000.
2025-04-15 12:06:18,cocktail,32,32,uniform,random,10000,0.000929,17910000.,4710000.
2025-04-15 12:06:18,cocktail,8,32,uniform,random,10000,0.000078,990000.,270000.
2025-04-15 12:06:19,comb,16,32,uniform,random,10000,0.000124,2290000.,890000.
2025-04-15 12:06:19,comb,32,32,uniform,random,10000,0.000273,6290000.,2350000.
2025-04-15 12:06:19,comb,8,32,uniform,random,10000,0.000068,870000.,300000.
2025-04-15 12:06:19,tournament,16,32,uniform,random,10000,0.000226,3070000.,430000.
2025-04-15 12:06:19,tournament,32,32,uniform,random,10000,0.000428,7170000.,1200000.
2025-04-15 12:06:19,tournament,8,32,uniform,random,10000,0.000123,1310000.,150000.
2025-04-15 12:06:19,introsort,16,32,uniform,random,10000,0.000081,2490000.,570000.
2025-04-15 12:06:19,introsort,32,32,uniform,random,10000,0.000405,6170000.,1880000.
2025-04-15 12:06:19,introsort,8,32,uniform,random,10000,0.000051,850000.,200000.
2025-04-15 13:02:06,quick_mid,16,32,uniform,random,10000,0.152,1740000.,1320000.
2025-04-15 13:02:06,quick_mid,32,32,uniform,random,10000,0.313,4250000.,3430000.
2025-04-15 13:02:06,quick_mid,8,32,uniform,random,10000,0.076,800000.,620000.
2025-04-15 14:49:20,merge,1024,32,bimodal,almost,100,369.308,4468400.,1415000.
2025-04-15 14:49:20,merge,1024,32,bimodal,bitonic,100,468.733,5406200.,1679100.
2025-04-15 14:49:20,merge,1024,32,bimodal,frontsorted,100,482.138,5603200.,1777600.
2025-04-15 14:49:20,merge,1024,32,bimodal,gap,100,534.874,6012200.,1982100.
2025-04-15 14:49:20,merge,1024,32,bimodal,noise,100,467.672,5436600.,1694300.
2025-04-15 14:49:20,merge,1024,32,bimodal,random,100,533.188,5982400.,1967200.
2025-04-15 14:49:20,merge,1024,32,bimodal,reversed,100,68.438,818800.,204600.
2025-04-15 14:49:21,merge,1024,32,bimodal,sawtooth,100,215.074,2427800.,804300.
2025-04-15 14:49:21,merge,1024,32,bimodal,sorted,100,67.326,818800.,204600.
2025-04-15 14:49:21,merge,1024,32,constant,random,100,68.100,818800.,204600.
2025-04-15 14:49:21,merge,1024,32,fewunique,random,100,470.224,5506800.,1729400.
2025-04-15 14:49:21,merge,1024,32,normal,almost,100,370.320,4470400.,1416000.
2025-04-15 14:49:21,merge,1024,32,normal,bitonic,100,462.243,5379600.,1665800.
2025-04-15 14:49:21,merge,1024,32,normal,frontsorted,100,413.470,4811400.,1586500.
2025-04-15 14:49:21,merge,1024,32,normal,gap,100,534.894,6010000.,1981000.
2025-04-15 14:49:21,merge,1024,32,normal,noise,100,474.700,5435200.,1693600.
2025-04-15 14:49:21,merge,1024,32,normal,random,100,501.766,5579000.,1765500.
2025-04-15 14:49:21,merge,1024,32,normal,reversed,100,66.188,818800.,204600.
2025-04-15 14:49:21,merge,1024,32,normal,sawtooth,100,213.703,2450000.,815400.
2025-04-15 14:49:21,merge,1024,32,normal,sorted,100,67.631,818800.,204600.
2025-04-15 14:49:21,merge,1024,32,uniform,almost,100,369.664,4468000.,1414800.
2025-04-15 14:49:21,merge,1024,32,uniform,bitonic,100,468.587,5424400.,1688200.
2025-04-15 14:49:21,merge,1024,32,uniform,frontsorted,100,412.993,4793600.,1577600.
2025-04-15 14:49:21,merge,1024,32,uniform,gap,100,535.759,6010000.,1981000.
2025-04-15 14:49:21,merge,1024,32,uniform,noise,100,472.758,5438800.,1695400.
2025-04-15 14:49:21,merge,1024,32,uniform,random,100,500.237,5578400.,1765200.
2025-04-15 14:49:21,merge,1024,32,uniform,reversed,100,68.611,818800.,204600.
2025-04-15 14:49:21,merge,1024,32,uniform,sawtooth,100,214.978,2440800.,810800.
2025-04-15 14:49:21,merge,1024,32,uniform,sorted,100,68.237,818800.,204600.
2025-04-15 14:49:21,heap,1024,32,bimodal,almost,100,705.759,6357000.,2288100.
2025-04-15 14:49:21,heap,1024,32,bimodal,bitonic,100,584.784,5180800.,1890400.
2025-04-15 14:49:22,heap,1024,32,bimodal,frontsorted,100,663.918,5970300.,2121800.
2025-04-15 14:49:22,heap,1024,32,bimodal,gap,100,577.246,5109500.,1868500.
2025-04-15 14:49:22,heap,1024,32,bimodal,noise,100,707.526,6492000.,2314600.
2025-04-15 14:49:22,heap,1024,32,bimodal,random,100,592.818,5101100.,1865200.
2025-04-15 14:49:22,heap,1024,32,bimodal,reversed,100,524.550,4736600.,1746700.
2025-04-15 14:49:22,heap,1024,32,bimodal,sawtooth,100,625.138,5436800.,1967000.
2025-04-15 14:49:22,heap,1024,32,bimodal,sorted,100,768.609,7074600.,2512300.
2025-04-15 14:49:22,heap,1024,32,constant,random,100,91.696,716100.,204600.
2025-04-15 14:49:22,heap,1024,32,fewunique,random,100,474.886,4232900.,1558700.
2025-04-15 14:49:22,heap,1024,32,normal,almost,100,704.198,6390400.,2301800.
2025-04-15 14:49:22,heap,1024,32,normal,bitonic,100,593.957,5230800.,1906300.
2025-04-15 14:49:22,heap,1024,32,normal,frontsorted,100,667.444,5941300.,2108200.
2025-04-15 14:49:22,heap,1024,32,normal,gap,100,575.599,5094100.,1865600.
2025-04-15 14:49:22,heap,1024,32,normal,noise,100,716.686,6498600.,2315400.
2025-04-15 14:49:22,heap,1024,32,normal,random,100,588.107,5153500.,1883700.
2025-04-15 14:49:22,heap,1024,32,normal,reversed,100,523.830,4736600.,1746700.
2025-04-15 14:49:23,heap,1024,32,normal,sawtooth,100,607.830,5447200.,1968500.
2025-04-15 14:49:23,heap,1024,32,normal,sorted,100,767.991,7074600.,2512300.
2025-04-15 14:49:23,heap,1024,32,uniform,almost,100,708.969,6504100.,2338700.
2025-04-15 14:49:23,heap,1024,32,uniform,bitonic,100,577.702,5187300.,1892500.
2025-04-15 14:49:23,heap,1024,32,uniform,frontsorted,100,666.318,5976300.,2122200.
2025-04-15 14:49:23,heap,1024,32,uniform,gap,100,579.894,5119500.,1871700.
2025-04-15 14:49:23,heap,1024,32,uniform,noise,100,716.790,6536100.,2326900.
2025-04-15 14:49:23,heap,1024,32,uniform,random,100,583.742,5116800.,1871100.
2025-04-15 14:49:23,heap,1024,32,uniform,reversed,100,524.562,4736600.,1746700.
2025-04-15 14:49:23,heap,1024,32,uniform,sawtooth,100,598.811,5371300.,1944900.
2025-04-15 14:49:23,heap,1024,32,uniform,sorted,100,774.216,7074600.,2512300.
2025-04-15 14:49:24,bubble,1024,32,bimodal,almost,100,9317.277,109156800.,50820000.
2025-04-15 14:49:26,bubble,1024,32,bimodal,bitonic,100,13070.709,185282400.,52356600.
2025-04-15 14:49:27,bubble,1024,32,bimodal,frontsorted,100,12740.574,164964400.,52188500.
2025-04-15 14:49:28,bubble,1024,32,bimodal,gap,100,13428.908,183741600.,52163100.
2025-04-15 14:49:28,bubble,1024,32,bimodal,noise,100,829.158,9689100.,4210500.
2025-04-15 14:49:30,bubble,1024,32,bimodal,random,100,13965.651,185048800.,52188500.
2025-04-15 14:49:31,bubble,1024,32,bimodal,reversed,100,16675.792,261888000.,52377600.
2025-04-15 14:49:33,bubble,1024,32,bimodal,sawtooth,100,12293.732,171266400.,51577500.
2025-04-15 14:49:33,bubble,1024,32,bimodal,sorted,100,19.229,204600.,102300.
2025-04-15 14:49:33,bubble,1024,32,constant,random,100,18.271,204600.,102300.
2025-04-15 14:49:34,bubble,1024,32,fewunique,random,100,12743.965,163085100.,50466600.
2025-04-15 14:49:35,bubble,1024,32,normal,almost,100,9144.125,107137000.,50505500.
2025-04-15 14:49:36,bubble,1024,32,normal,bitonic,100,12780.929,179894100.,52375500.
2025-04-15 14:49:37,bubble,1024,32,normal,frontsorted,100,12502.136,160191900.,52324800.
2025-04-15 14:49:39,bubble,1024,32,normal,gap,100,13300.829,182689500.,51882600.
2025-04-15 14:49:39,bubble,1024,32,normal,noise,100,832.027,9690600.,4210500.
2025-04-15 14:49:40,bubble,1024,32,normal,random,100,13725.850,179694000.,52324800.
2025-04-15 14:49:42,bubble,1024,32,normal,reversed,100,16675.706,261888000.,52377600.
2025-04-15 14:49:43,bubble,1024,32,normal,sawtooth,100,12160.437,168524700.,51513000.
2025-04-15 14:49:43,bubble,1024,32,normal,sorted,100,19.039,204600.,102300.
2025-04-15 14:49:44,bubble,1024,32,uniform,almost,100,9076.213,105792000.,50245500.
2025-04-15 14:49:45,bubble,1024,32,uniform,bitonic,100,12993.709,184422100.,52374800.
2025-04-15 14:49:47,bubble,1024,32,uniform,frontsorted,100,12699.308,164042200.,52328000.
2025-04-15 14:49:48,bubble,1024,32,uniform,gap,100,13438.262,184680400.,52239800.
2025-04-15 14:49:48,bubble,1024,32,uniform,noise,100,1469.706,17059900.,7868000.
2025-04-15 14:49:49,bubble,1024,32,uniform,random,100,13950.425,184309900.,52328000.
2025-04-15 14:49:51,bubble,1024,32,uniform,reversed,100,16692.558,261888000.,52377600.
2025-04-15 14:49:52,bubble,1024,32,uniform,sawtooth,100,12364.880,172653700.,51564800.
2025-04-15 14:49:52,bubble,1024,32,uniform,sorted,100,18.253,204600.,102300.
2025-04-15 14:49:52,insertion,1024,32,bimodal,almost,100,853.005,12732600.,2607900.
2025-04-15 14:49:53,insertion,1024,32,bimodal,bitonic,100,8664.841,134485600.,26958200.
2025-04-15 14:49:54,insertion,1024,32,bimodal,frontsorted,100,6524.197,101183600.,20298100.
2025-04-15 14:49:55,insertion,1024,32,bimodal,gap,100,8541.260,132562000.,26573300.
2025-04-15 14:49:55,insertion,1024,32,bimodal,noise,100,169.441,2318100.,525000.
2025-04-15 14:49:56,insertion,1024,32,bimodal,random,100,8671.549,134656600.,26992400.
2025-04-15 14:49:57,insertion,1024,32,bimodal,reversed,100,16879.710,261888000.,52377600.
2025-04-15 14:49:58,insertion,1024,32,bimodal,sawtooth,100,7320.624,113723000.,22805800.
2025-04-15 14:49:58,insertion,1024,32,bimodal,sorted,100,18.666,204600.,102300.
2025-04-15 14:50:00,insertion,1024,32,constant,random,100,16835.371,261888000.,52377600.
2025-04-15 14:50:01,insertion,1024,32,fewunique,random,100,10041.611,156099300.,31269900.
2025-04-15 14:50:01,insertion,1024,32,normal,almost,100,690.023,10414600.,2144300.
2025-04-15 14:50:02,insertion,1024,32,normal,bitonic,100,8083.882,125442900.,25149900.
2025-04-15 14:50:02,insertion,1024,32,normal,frontsorted,100,6060.848,92775100.,18616400.
2025-04-15 14:50:03,insertion,1024,32,normal,gap,100,8487.528,131743700.,26409700.
2025-04-15 14:50:03,insertion,1024,32,normal,noise,100,168.413,2320600.,525500.
2025-04-15 14:50:04,insertion,1024,32,normal,random,100,8184.973,125277400.,25116500.
2025-04-15 14:50:06,insertion,1024,32,normal,reversed,100,16781.475,261888000.,52377600.
2025-04-15 14:50:06,insertion,1024,32,normal,sawtooth,100,7077.619,109368700.,21935000.
2025-04-15 14:50:06,insertion,1024,32,normal,sorted,100,21.039,204600.,102300.
2025-04-15 14:50:07,insertion,1024,32,uniform,almost,100,604.678,9039600.,1869300.
2025-04-15 14:50:07,insertion,1024,32,uniform,bitonic,100,8589.370,132992100.,26659800.
2025-04-15 14:50:08,insertion,1024,32,uniform,frontsorted,100,6411.793,99181600.,19897700.
2025-04-15 14:50:09,insertion,1024,32,uniform,gap,100,8629.259,133871400.,26835300.
2025-04-15 14:50:09,insertion,1024,32,uniform,noise,100,175.232,2411100.,543600.
2025-04-15 14:50:10,insertion,1024,32,uniform,random,100,8625.912,132960100.,26653100.
2025-04-15 14:50:12,insertion,1024,32,uniform,reversed,100,16897.088,261888000.,52377600.
2025-04-15 14:50:12,insertion,1024,32,uniform,sawtooth,100,7487.631,116077700.,23276800.
2025-04-15 14:50:12,insertion,1024,32,uniform,sorted,100,18.437,204600.,102300.
2025-04-15 14:50:13,selection,1024,32,bimodal,almost,100,8853.007,52787200.,52377600.
2025-04-15 14:50:14,selection,1024,32,bimodal,bitonic,100,8966.596,52787200.,52377600.
2025-04-15 14:50:15,selection,1024,32,bimodal,frontsorted,100,8916.451,52787200.,52377600.
2025-04-15 14:50:16,selection,1024,32,bimodal,gap,100,8967.289,52787200.,52377600.
2025-04-15 14:50:17,selection,1024,32,bimodal,noise,100,8881.291,52787200.,52377600.
2025-04-15 14:50:18,selection,1024,32,bimodal,random,100,8908.729,52787200.,52377600.
2025-04-15 14:50:19,selection,1024,32,bimodal,reversed,100,8905.205,52787200.,52377600.
2025-04-15 14:50:19,selection,1024,32,bimodal,sawtooth,100,8899.593,52787200.,52377600.
2025-04-15 14:50:20,selection,1024,32,bimodal,sorted,100,8859.276,52787200.,52377600.
2025-04-15 14:50:21,selection,1024,32,constant,random,100,8861.283,52787200.,52377600.
2025-04-15 14:50:22,selection,1024,32,fewunique,random,100,8873.410,52787200.,52377600.
2025-04-15 14:50:23,selection,1024,32,normal,almost,100,8854.267,52787200.,52377600.
2025-04-15 14:50:24,selection,1024,32,normal,bitonic,100,8906.941,52787200.,52377600.
2025-04-15 14:50:25,selection,1024,32,normal,frontsorted,100,8904.212,52787200.,52377600.
2025-04-15 14:50:26,selection,1024,32,normal,gap,100,8918.303,52787200.,52377600.
2025-04-15 14:50:27,selection,1024,32,normal,noise,100,9023.805,52787200.,52377600.
2025-04-15 14:50:28,selection,1024,32,normal,random,100,8900.367,52787200.,52377600.
2025-04-15 14:50:28,selection,1024,32,normal,reversed,100,8893.876,52787200.,52377600.
2025-04-15 14:50:29,selection,1024,32,normal,sawtooth,100,8899.264,52787200.,52377600.
2025-04-15 14:50:30,selection,1024,32,normal,sorted,100,8875.858,52787200.,52377600.
2025-04-15 14:50:31,selection,1024,32,uniform,almost,100,9091.463,52787200.,52377600.
2025-04-15 14:50:32,selection,1024,32,uniform,bitonic,100,8893.075,52787200.,52377600.
2025-04-15 14:50:33,selection,1024,32,uniform,frontsorted,100,8914.863,52787200.,52377600.
2025-04-15 14:50:34,selection,1024,32,uniform,gap,100,8905.457,52787200.,52377600.
2025-04-15 14:50:35,selection,1024,32,uniform,noise,100,8879.612,52787200.,52377600.
2025-04-15 14:50:36,selection,1024,32,uniform,random,100,8913.826,52787200.,52377600.
2025-04-15 14:50:37,selection,1024,32,uniform,reversed,100,9066.553,52787200.,52377600.
2025-04-15 14:50:37,selection,1024,32,uniform,sawtooth,100,8909.691,52787200.,52377600.
2025-04-15 14:50:38,selection,1024,32,uniform,sorted,100,8869.510,52787200.,52377600.
2025-04-15 14:50:38,quick,1024,32,bimodal,almost,100,1093.793,6632900.,6499400.
2025-04-15 14:50:38,quick,1024,32,bimodal,bitonic,100,396.833,2646500.,1838600.
2025-04-15 14:50:39,quick,1024,32,bimodal,frontsorted,100,556.456,3587400.,2803500.
2025-04-15 14:50:39,quick,1024,32,bimodal,gap,100,390.858,2576400.,1745100.
2025-04-15 14:50:39,quick,1024,32,bimodal,noise,100,1938.032,11846400.,11388000.
2025-04-15 14:50:39,quick,1024,32,bimodal,random,100,362.681,2403400.,1579900.
2025-04-15 14:50:40,quick,1024,32,bimodal,reversed,100,8613.444,52889300.,52633400.
2025-04-15 14:50:40,quick,1024,32,bimodal,sawtooth,100,396.469,2706400.,1888300.
2025-04-15 14:50:41,quick,1024,32,bimodal,sorted,100,8571.139,52684500.,52582200.
2025-04-15 14:50:41,quick,1024,32,constant,random,100,307.145,2866900.,1228600.
2025-04-15 14:50:41,quick,1024,32,fewunique,random,100,303.003,2637200.,1239500.
2025-04-15 14:50:41,quick,1024,32,normal,almost,100,777.164,4711200.,4582500.
2025-04-15 14:50:41,quick,1024,32,normal,bitonic,100,411.439,2779300.,1961500.
2025-04-15 14:50:41,quick,1024,32,normal,frontsorted,100,535.439,3484600.,2696800.
2025-04-15 14:50:41,quick,1024,32,normal,gap,100,363.383,2425200.,1599000.
2025-04-15 14:50:41,quick,1024,32,normal,noise,100,1892.957,11621700.,11163000.
2025-04-15 14:50:41,quick,1024,32,normal,random,100,383.956,2541500.,1722800.
2025-04-15 14:50:42,quick,1024,32,normal,reversed,100,8588.947,52889300.,52633400.
2025-04-15 14:50:42,quick,1024,32,normal,sawtooth,100,398.638,2704100.,1887500.
2025-04-15 14:50:43,quick,1024,32,normal,sorted,100,8586.817,52684500.,52582200.
2025-04-15 14:50:43,quick,1024,32,uniform,almost,100,1021.905,6116300.,5990000.
2025-04-15 14:50:43,quick,1024,32,uniform,bitonic,100,421.290,2816500.,1972900.
2025-04-15 14:50:43,quick,1024,32,uniform,frontsorted,100,563.996,3622000.,2838100.
2025-04-15 14:50:43,quick,1024,32,uniform,gap,100,354.383,2357600.,1519100.
2025-04-15 14:50:43,quick,1024,32,uniform,noise,100,1859.703,11350800.,10897800.
2025-04-15 14:50:43,quick,1024,32,uniform,random,100,357.379,2339900.,1501100.
2025-04-15 14:50:44,quick,1024,32,uniform,reversed,100,8585.598,52889300.,52633400.
2025-04-15 14:50:44,quick,1024,32,uniform,sawtooth,100,450.304,2982700.,2181700.
2025-04-15 14:50:45,quick,1024,32,uniform,sorted,100,8606.880,52684500.,52582200.
2025-04-15 14:50:45,quick_mid,1024,32,bimodal,almost,100,264.832,1484800.,1463900.
2025-04-15 14:50:45,quick_mid,1024,32,bimodal,bitonic,100,384.208,2536000.,1902700.
2025-04-15 14:50:45,quick_mid,1024,32,bimodal,frontsorted,100,371.503,2404500.,1767500.
2025-04-15 14:50:45,quick_mid,1024,32,bimodal,gap,100,371.136,2393300.,1740700.
2025-04-15 14:50:45,quick_mid,1024,32,bimodal,noise,100,321.509,1921000.,1642100.
2025-04-15 14:50:45,quick_mid,1024,32,bimodal,random,100,378.996,2427100.,1779900.
2025-04-15 14:50:45,quick_mid,1024,32,bimodal,reversed,100,264.848,1586900.,1433500.
2025-04-15 14:50:45,quick_mid,1024,32,bimodal,sawtooth,100,373.946,2471000.,1833900.
2025-04-15 14:50:46,quick_mid,1024,32,bimodal,sorted,100,254.678,1433200.,1433100.
2025-04-15 14:50:46,quick_mid,1024,32,constant,random,100,343.427,3071500.,1433200.
2025-04-15 14:50:46,quick_mid,1024,32,fewunique,random,100,348.945,2849800.,1452500.
2025-04-15 14:50:46,quick_mid,1024,32,normal,almost,100,268.797,1512300.,1494500.
2025-04-15 14:50:46,quick_mid,1024,32,normal,bitonic,100,407.060,2615900.,1998300.
2025-04-15 14:50:46,quick_mid,1024,32,normal,frontsorted,100,396.418,2529000.,1919100.
2025-04-15 14:50:46,quick_mid,1024,32,normal,gap,100,372.118,2395200.,1744100.
2025-04-15 14:50:46,quick_mid,1024,32,normal,noise,100,321.645,1908100.,1631100.
2025-04-15 14:50:46,quick_mid,1024,32,normal,random,100,377.229,2410000.,1764300.
2025-04-15 14:50:46,quick_mid,1024,32,normal,reversed,100,263.286,1586900.,1433500.
2025-04-15 14:50:46,quick_mid,1024,32,normal,sawtooth,100,417.799,2705900.,2068200.
2025-04-15 14:50:46,quick_mid,1024,32,normal,sorted,100,255.553,1433200.,1433100.
2025-04-15 14:50:46,quick_mid,1024,32,uniform,almost,100,261.854,1469100.,1454300.
2025-04-15 14:50:46,quick_mid,1024,32,uniform,bitonic,100,391.013,2556400.,1909200.
2025-04-15 14:50:46,quick_mid,1024,32,uniform,frontsorted,100,382.872,2434200.,1814600.
2025-04-15 14:50:46,quick_mid,1024,32,uniform,gap,100,379.699,2429700.,1786800.
2025-04-15 14:50:46,quick_mid,1024,32,uniform,noise,100,321.875,1929000.,1645600.
2025-04-15 14:50:46,quick_mid,1024,32,uniform,random,100,383.376,2452500.,1814100.
2025-04-15 14:50:46,quick_mid,1024,32,uniform,reversed,100,265.500,1586900.,1433500.
2025-04-15 14:50:46,quick_mid,1024,32,uniform,sawtooth,100,384.279,2547600.,1894500.
2025-04-15 14:50:46,quick_mid,1024,32,uniform,sorted,100,257.569,1433200.,1433100.
2025-04-15 14:50:46,library,1024,32,bimodal,almost,100,1027.256,17210800.,8107300.
2025-04-15 14:50:46,library,1024,32,bimodal,bitonic,100,453.865,5980800.,1401400.
2025-04-15 14:50:47,library,1024,32,bimodal,frontsorted,100,701.860,10077300.,3352300.
2025-04-15 14:50:47,library,1024,32,bimodal,gap,100,462.604,5883800.,1331100.
2025-04-15 14:50:47,library,1024,32,bimodal,noise,100,1376.396,24024800.,15263300.
2025-04-15 14:50:47,library,1024,32,bimodal,random,100,463.079,5916000.,1340200.
2025-04-15 14:50:48,library,1024,32,bimodal,reversed,100,10508.633,139887800.,2019900.
2025-04-15 14:50:48,library,1024,32,bimodal,sawtooth,100,577.919,7567400.,1486800.
2025-04-15 14:50:48,library,1024,32,bimodal,sorted,100,1371.103,23495800.,15341500.
2025-04-15 14:50:48,library,1024,32,constant,random,100,1368.934,23495800.,15341500.
2025-04-15 14:50:48,library,1024,32,fewunique,random,100,754.392,11208500.,4512600.
2025-04-15 14:50:48,library,1024,32,normal,almost,100,950.819,16423100.,8075600.
2025-04-15 14:50:48,library,1024,32,normal,bitonic,100,456.008,5973400.,1397900.
2025-04-15 14:50:49,library,1024,32,normal,frontsorted,100,693.358,10100600.,3361500.
2025-04-15 14:50:49,library,1024,32,normal,gap,100,468.858,5892800.,1334400.
2025-04-15 14:50:49,library,1024,32,normal,noise,100,1470.159,23384400.,14670600.
2025-04-15 14:50:49,library,1024,32,normal,random,100,457.884,5911600.,1336700.
2025-04-15 14:50:50,library,1024,32,normal,reversed,100,10479.181,139887800.,2019900.
2025-04-15 14:50:50,library,1024,32,normal,sawtooth,100,536.682,7119400.,1543900.
2025-04-15 14:50:50,library,1024,32,normal,sorted,100,1359.920,23495800.,15341500.
2025-04-15 14:50:50,library,1024,32,uniform,almost,100,924.448,15675400.,7786300.
2025-04-15 14:50:50,library,1024,32,uniform,bitonic,100,460.547,5944400.,1389000.
2025-04-15 14:50:50,library,1024,32,uniform,frontsorted,100,702.800,10068900.,3351700.
2025-04-15 14:50:50,library,1024,32,uniform,gap,100,461.952,5854200.,1323700.
2025-04-15 14:50:50,library,1024,32,uniform,noise,100,1354.877,23442500.,14256200.
2025-04-15 14:50:50,library,1024,32,uniform,random,100,463.433,5881200.,1328500.
2025-04-15 14:50:52,library,1024,32,uniform,reversed,100,10476.821,139887800.,2019900.
2025-04-15 14:50:52,library,1024,32,uniform,sawtooth,100,485.058,6405400.,1539800.
2025-04-15 14:50:52,library,1024,32,uniform,sorted,100,1356.350,23495800.,15341500.
2025-04-15 14:50:52,tim,1024,32,bimodal,almost,100,265.499,2001300.,684000.
2025-04-15 14:50:52,tim,1024,32,bimodal,bitonic,100,216.506,1562500.,528200.
2025-04-15 14:50:52,tim,1024,32,bimodal,frontsorted,100,255.508,2264600.,653200.
2025-04-15 14:50:52,tim,1024,32,bimodal,gap,100,435.909,3920500.,1084400.
2025-04-15 14:50:52,tim,1024,32,bimodal,noise,100,273.807,2360000.,674200.
2025-04-15 14:50:52,tim,1024,32,bimodal,random,100,440.075,3951000.,1089100.
2025-04-15 14:50:52,tim,1024,32,bimodal,reversed,100,28.011,358400.,102400.
2025-04-15 14:50:52,tim,1024,32,bimodal,sawtooth,100,154.829,1105000.,399900.
2025-04-15 14:50:52,tim,1024,32,bimodal,sorted,100,19.323,204800.,102400.
2025-04-15 14:50:52,tim,1024,32,constant,random,100,19.406,204800.,102400.
2025-04-15 14:50:52,tim,1024,32,fewunique,random,100,416.019,4084900.,1093500.
2025-04-15 14:50:52,tim,1024,32,normal,almost,100,270.212,2034100.,695800.
2025-04-15 14:50:52,tim,1024,32,normal,bitonic,100,213.954,1544100.,522800.
2025-04-15 14:50:52,tim,1024,32,normal,frontsorted,100,257.832,2265800.,654800.
2025-04-15 14:50:52,tim,1024,32,normal,gap,100,434.159,3920200.,1084200.
2025-04-15 14:50:52,tim,1024,32,normal,noise,100,269.697,2403400.,684200.
2025-04-15 14:50:52,tim,1024,32,normal,random,100,438.892,3966000.,1094100.
2025-04-15 14:50:52,tim,1024,32,normal,reversed,100,28.876,358400.,102400.
2025-04-15 14:50:52,tim,1024,32,normal,sawtooth,100,154.588,1104000.,401700.
2025-04-15 14:50:52,tim,1024,32,normal,sorted,100,19.599,204800.,102400.
2025-04-15 14:50:52,tim,1024,32,uniform,almost,100,248.091,1833500.,632800.
2025-04-15 14:50:52,tim,1024,32,uniform,bitonic,100,216.009,1564300.,528700.
2025-04-15 14:50:52,tim,1024,32,uniform,frontsorted,100,249.453,2194400.,640500.
2025-04-15 14:50:52,tim,1024,32,uniform,gap,100,437.379,3949400.,1088500.
2025-04-15 14:50:52,tim,1024,32,uniform,noise,100,266.932,2375800.,677900.
2025-04-15 14:50:53,tim,1024,32,uniform,random,100,434.606,3907000.,1081300.
2025-04-15 14:50:53,tim,1024,32,uniform,reversed,100,27.356,358400.,102400.
2025-04-15 14:50:53,tim,1024,32,uniform,sawtooth,100,157.009,1104300.,399400.
2025-04-15 14:50:53,tim,1024,32,uniform,sorted,100,19.714,204800.,102400.
2025-04-15 14:50:53,cocktail,1024,32,bimodal,almost,100,1106.723,15745400.,4114300.
2025-04-15 14:50:54,cocktail,1024,32,bimodal,bitonic,100,11220.392,163524400.,41477600.
2025-04-15 14:50:55,cocktail,1024,32,bimodal,frontsorted,100,10442.083,142308800.,40860700.
2025-04-15 14:50:56,cocktail,1024,32,bimodal,gap,100,11206.284,159072600.,39828600.
2025-04-15 14:50:56,cocktail,1024,32,bimodal,noise,100,315.807,3913500.,1322700.
2025-04-15 14:50:57,cocktail,1024,32,bimodal,random,100,11718.570,162393200.,40860700.
2025-04-15 14:50:59,cocktail,1024,32,bimodal,reversed,100,16685.284,261990400.,52428800.
2025-04-15 14:51:00,cocktail,1024,32,bimodal,sawtooth,100,10100.270,145929000.,38908800.
2025-04-15 14:51:00,cocktail,1024,32,bimodal,sorted,100,19.661,204600.,102300.
2025-04-15 14:51:00,cocktail,1024,32,constant,random,100,18.610,204600.,102300.
2025-04-15 14:51:01,cocktail,1024,32,fewunique,random,100,10425.950,137957300.,37902700.
2025-04-15 14:51:01,cocktail,1024,32,normal,almost,100,862.532,12378600.,3126300.
2025-04-15 14:51:02,cocktail,1024,32,normal,bitonic,100,10434.201,152543100.,38700000.
2025-04-15 14:51:03,cocktail,1024,32,normal,frontsorted,100,9472.118,129486300.,36972000.
2025-04-15 14:51:04,cocktail,1024,32,normal,gap,100,11129.932,158480900.,39778300.
2025-04-15 14:51:04,cocktail,1024,32,normal,noise,100,317.572,3915000.,1322700.
2025-04-15 14:51:05,cocktail,1024,32,normal,random,100,10863.522,149761800.,37358700.
2025-04-15 14:51:07,cocktail,1024,32,normal,reversed,100,16701.021,261990400.,52428800.
2025-04-15 14:51:08,cocktail,1024,32,normal,sawtooth,100,9794.952,141196300.,37848800.
2025-04-15 14:51:08,cocktail,1024,32,normal,sorted,100,18.813,204600.,102300.
2025-04-15 14:51:08,cocktail,1024,32,uniform,almost,100,884.544,12346400.,3522700.
2025-04-15 14:51:09,cocktail,1024,32,uniform,bitonic,100,11029.282,161585900.,40956700.
2025-04-15 14:51:10,cocktail,1024,32,uniform,frontsorted,100,10229.191,139642200.,40128000.
2025-04-15 14:51:11,cocktail,1024,32,uniform,gap,100,11449.450,160357400.,40078300.
2025-04-15 14:51:11,cocktail,1024,32,uniform,noise,100,324.914,3969300.,1322700.
2025-04-15 14:51:13,cocktail,1024,32,uniform,random,100,11558.586,159909900.,40128000.
2025-04-15 14:51:14,cocktail,1024,32,uniform,reversed,100,17363.731,261990400.,52428800.
2025-04-15 14:51:15,cocktail,1024,32,uniform,sawtooth,100,10363.176,150175300.,40325600.
2025-04-15 14:51:15,cocktail,1024,32,uniform,sorted,100,19.094,204600.,102300.
2025-04-15 14:51:15,comb,1024,32,bimodal,almost,100,435.055,5080400.,2121100.
2025-04-15 14:51:15,comb,1024,32,bimodal,bitonic,100,473.490,5683400.,2223100.
2025-04-15 14:51:16,comb,1024,32,bimodal,frontsorted,100,484.762,5738000.,2223100.
2025-04-15 14:51:16,comb,1024,32,bimodal,gap,100,496.128,5868200.,2223100.
2025-04-15 14:51:16,comb,1024,32,bimodal,noise,100,414.062,4714100.,2121100.
2025-04-15 14:51:16,comb,1024,32,bimodal,random,100,527.702,6225200.,2426800.
2025-04-15 14:51:16,comb,1024,32,bimodal,reversed,100,390.295,4530600.,2019000.
2025-04-15 14:51:16,comb,1024,32,bimodal,sawtooth,100,449.688,5397800.,2121100.
2025-04-15 14:51:16,comb,1024,32,bimodal,sorted,100,344.899,3833600.,1916800.
2025-04-15 14:51:16,comb,1024,32,constant,random,100,344.314,3833600.,1916800.
2025-04-15 14:51:16,comb,1024,32,fewunique,random,100,400.768,4502300.,2121100.
2025-04-15 14:51:16,comb,1024,32,normal,almost,100,435.837,5004800.,2121100.
2025-04-15 14:51:16,comb,1024,32,normal,bitonic,100,480.439,5701700.,2223100.
2025-04-15 14:51:16,comb,1024,32,normal,frontsorted,100,495.958,5773100.,2223100.
2025-04-15 14:51:16,comb,1024,32,normal,gap,100,537.833,6323900.,2426800.
2025-04-15 14:51:16,comb,1024,32,normal,noise,100,416.148,4719800.,2121100.
2025-04-15 14:51:16,comb,1024,32,normal,random,100,494.673,5766800.,2223100.
2025-04-15 14:51:16,comb,1024,32,normal,reversed,100,392.826,4530600.,2019000.
2025-04-15 14:51:16,comb,1024,32,normal,sawtooth,100,457.890,5430500.,2121100.
2025-04-15 14:51:16,comb,1024,32,normal,sorted,100,346.057,3833600.,1916800.
2025-04-15 14:51:16,comb,1024,32,uniform,almost,100,471.114,5398800.,2325000.
2025-04-15 14:51:16,comb,1024,32,uniform,bitonic,100,460.642,5523500.,2121100.
2025-04-15 14:51:17,comb,1024,32,uniform,frontsorted,100,515.006,6028200.,2325000.
2025-04-15 14:51:17,comb,1024,32,uniform,gap,100,497.235,5860400.,2223100.
2025-04-15 14:51:17,comb,1024,32,uniform,noise,100,438.153,4947500.,2223100.
2025-04-15 14:51:17,comb,1024,32,uniform,random,100,495.104,5807900.,2223100.
2025-04-15 14:51:17,comb,1024,32,uniform,reversed,100,392.917,4530600.,2019000.
2025-04-15 14:51:17,comb,1024,32,uniform,sawtooth,100,473.336,5639300.,2223100.
2025-04-15 14:51:17,comb,1024,32,uniform,sorted,100,344.095,3833600.,1916800.
2025-04-15 14:51:17,tournament,1024,32,bimodal,almost,100,410.760,3535100.,743700.
2025-04-15 14:51:17,tournament,1024,32,bimodal,bitonic,100,422.266,3473300.,712800.
2025-04-15 14:51:17,tournament,1024,32,bimodal,frontsorted,100,422.990,3502500.,727400.
2025-04-15 14:51:17,tournament,1024,32,bimodal,gap,100,471.692,3862500.,907400.
2025-04-15 14:51:17,tournament,1024,32,bimodal,noise,100,389.371,3282900.,617600.
2025-04-15 14:51:17,tournament,1024,32,bimodal,random,100,472.806,3828900.,890600.
2025-04-15 14:51:17,tournament,1024,32,bimodal,reversed,100,360.423,3071700.,512000.
2025-04-15 14:51:17,tournament,1024,32,bimodal,sawtooth,100,389.644,3358100.,655200.
2025-04-15 14:51:17,tournament,1024,32,bimodal,sorted,100,349.390,3071700.,512000.
2025-04-15 14:51:17,tournament,1024,32,constant,random,100,349.532,3071700.,512000.
2025-04-15 14:51:17,tournament,1024,32,fewunique,random,100,446.401,3732900.,842600.
2025-04-15 14:51:17,tournament,1024,32,normal,almost,100,416.908,3595300.,773800.
2025-04-15 14:51:17,tournament,1024,32,normal,bitonic,100,422.049,3475100.,713700.
2025-04-15 14:51:17,tournament,1024,32,normal,frontsorted,100,421.061,3508900.,730600.
2025-04-15 14:51:18,tournament,1024,32,normal,gap,100,468.047,3865500.,908900.
2025-04-15 14:51:18,tournament,1024,32,normal,noise,100,390.485,3279700.,616000.
2025-04-15 14:51:18,tournament,1024,32,normal,random,100,472.580,3839900.,896100.
2025-04-15 14:51:18,tournament,1024,32,normal,reversed,100,357.914,3071700.,512000.
2025-04-15 14:51:18,tournament,1024,32,normal,sawtooth,100,389.461,3361700.,657000.
2025-04-15 14:51:18,tournament,1024,32,normal,sorted,100,348.421,3071700.,512000.
2025-04-15 14:51:18,tournament,1024,32,uniform,almost,100,411.168,3536500.,744400.
2025-04-15 14:51:18,tournament,1024,32,uniform,bitonic,100,423.040,3473700.,713000.
2025-04-15 14:51:18,tournament,1024,32,uniform,frontsorted,100,421.553,3508100.,730200.
2025-04-15 14:51:18,tournament,1024,32,uniform,gap,100,468.051,3865300.,908800.
2025-04-15 14:51:18,tournament,1024,32,uniform,noise,100,392.072,3277100.,614700.
2025-04-15 14:51:18,tournament,1024,32,uniform,random,100,473.732,3834300.,893300.
2025-04-15 14:51:18,tournament,1024,32,uniform,reversed,100,359.604,3071700.,512000.
2025-04-15 14:51:18,tournament,1024,32,uniform,sawtooth,100,387.609,3357100.,654700.
2025-04-15 14:51:18,tournament,1024,32,uniform,sorted,100,348.757,3071700.,512000.
2025-04-15 14:51:18,introsort,1024,32,bimodal,almost,100,139.983,925500.,777500.
2025-04-15 14:51:18,introsort,1024,32,bimodal,bitonic,100,313.177,2894800.,1360900.
2025-04-15 14:51:18,introsort,1024,32,bimodal,frontsorted,100,292.557,2682700.,1215500.
2025-04-15 14:51:18,introsort,1024,32,bimodal,gap,100,297.360,2784300.,1208000.
2025-04-15 14:51:18,introsort,1024,32,bimodal,noise,100,237.971,2195300.,1063200.
2025-04-15 14:51:18,introsort,1024,32,bimodal,random,100,310.143,2864500.,1261300.
2025-04-15 14:51:18,introsort,1024,32,bimodal,reversed,100,135.210,985300.,729500.
2025-04-15 14:51:18,introsort,1024,32,bimodal,sawtooth,100,297.919,2806100.,1290700.
2025-04-15 14:51:18,introsort,1024,32,bimodal,sorted,100,125.697,831600.,729300.
2025-04-15 14:51:18,introsort,1024,32,constant,random,100,412.205,5407500.,1407600.
2025-04-15 14:51:18,introsort,1024,32,fewunique,random,100,360.796,4209300.,1276600.
2025-04-15 14:51:19,introsort,1024,32,normal,almost,100,142.280,945800.,801500.
2025-04-15 14:51:19,introsort,1024,32,normal,bitonic,100,330.379,3005600.,1465300.
2025-04-15 14:51:19,introsort,1024,32,normal,frontsorted,100,328.907,3003200.,1393600.
2025-04-15 14:51:19,introsort,1024,32,normal,gap,100,300.782,2783800.,1222500.
2025-04-15 14:51:19,introsort,1024,32,normal,noise,100,238.182,2216500.,1061800.
2025-04-15 14:51:19,introsort,1024,32,normal,random,100,308.103,2844800.,1230800.
2025-04-15 14:51:19,introsort,1024,32,normal,reversed,100,133.837,985300.,729500.
2025-04-15 14:51:19,introsort,1024,32,normal,sawtooth,100,332.496,3027500.,1504000.
2025-04-15 14:51:19,introsort,1024,32,normal,sorted,100,128.023,831600.,729300.
2025-04-15 14:51:19,introsort,1024,32,uniform,almost,100,137.328,917500.,767800.
2025-04-15 14:51:19,introsort,1024,32,uniform,bitonic,100,317.422,2921800.,1376500.
2025-04-15 14:51:19,introsort,1024,32,uniform,frontsorted,100,302.999,2772400.,1269900.
2025-04-15 14:51:19,introsort,1024,32,uniform,gap,100,304.024,2836900.,1242300.
2025-04-15 14:51:19,introsort,1024,32,uniform,noise,100,246.747,2289500.,1088600.
2025-04-15 14:51:19,introsort,1024,32,uniform,random,100,309.173,2833900.,1270100.
2025-04-15 14:51:19,introsort,1024,32,uniform,reversed,100,135.176,985300.,729500.
2025-04-15 14:51:19,introsort,1024,32,uniform,sawtooth,100,305.765,2883100.,1340000.
2025-04-15 14:51:19,introsort,1024,32,uniform,sorted,100,129.780,831600.,729300.
